idGenerator,attVector,idStage,1,2,3,4,5,6,7,8,9,10,11,12,13,14,15,16,17,18,19,20,21,22,23,24,25,26,27,28,29,30,31,32,33,34,35,36,37,38,39,40,41,42,43,44,45,46,47,48,49,50,51,52,53,54,55,56,57,58,59,60,61,62,63,64,65,66,67,68,69,70,71,72,73,74,75,76,77,78,79,80,81,82,83,84,85,86,87,88,89,90,91,92,93,94,95,96,97,98,99,100,101,102,103,104,105,106,107,108,109,110,111,112,113,114,115,116,117,118,119,120,121,122,123,124,125,126,127,128,129,130,131,132,133,134,135,136,137,138,139,140,141,142,143,144,145,146,147,148,149,150,151,152,153,154,155,156,157,158,159,160,161,162,163,164,165,166,167,168,169,170,171,172,173,174,175,176,177,178,179,180,181,182,183,184,185,186,187,188,189,190,191,192,193,194,195,196,197,198,199,200
1,Inflow,4,326.0431183,469.1694874,123.8275606,267.9509006,223.529017,244.0316975,226.6973205,638.7263555,264.4326262,181.5406272,162.5148267,497.0400972,364.9656951,245.3344679,245.8469273,357.1972259,162.1697328,251.2746412,287.8776068,325.1634122,409.9597565,178.9480254,145.0636898,164.6391166,224.750559,72.05226774,256.4341721,302.1344482,157.9011594,168.1068492,350.3059792,171.8479751,356.6553109,108.5985782,227.6173542,155.0493765,232.2963643,191.9672582,160.6254715,261.1063677,285.7187825,173.046009,244.0191899,455.5697833,122.5135058,243.452843,143.3555192,323.3588825,257.5569759,606.803361,533.5681768,206.2371628,117.3564052,307.3213728,206.56395,127.2201398,304.9275919,236.7567674,248.2997552,549.4409087,330.569296,300.091696,115.436486,117.7175215,270.2635297,384.0956047,146.8380599,160.3558855,224.1811229,228.3199679,291.0003736,193.1913205,784.1714489,169.4606923,384.623825,264.6009321,524.2975194,205.5885221,82.21287038,393.9727848,294.5010314,156.4467526,480.2505518,97.81267211,190.8445038,536.3305425,441.8436071,246.4765005,166.110343,425.0578861,320.4885254,197.9470764,226.8111045,292.7716469,393.5981272,137.075181,343.1576128,511.842239,313.7775584,264.2569906,262.4968127,189.1339455,174.493291,247.3218156,180.9977105,193.3487201,199.7709402,202.5428579,404.5458594,231.5254016,180.9566959,317.6563714,301.8097183,387.0110859,493.1571773,273.5111261,509.4254755,367.8115844,200.7708629,326.9188824,122.5975207,271.9289961,192.0656559,245.3683381,251.55131,346.3752147,139.8274829,276.1527426,960.7437106,114.0919963,230.3377674,243.3129698,614.0307617,223.1141269,350.4777764,127.2571186,198.8925657,249.4004541,251.4385532,409.5144103,257.0718441,151.9095799,500.8889516,213.1249262,184.6152799,155.1085781,298.0006299,400.7910232,400.318894,461.7735675,286.1062949,426.2364659,140.3100417,183.7188363,315.6163232,174.6657996,169.6666737,508.1536855,379.5248328,273.0497907,399.6427015,246.967155,194.8717513,233.6816822,296.9212748,123.2725075,228.4157779,354.5564527,174.2529921,157.243165,169.5110308,268.0850416,139.2535184,289.9843371,416.9013008,343.3932211,352.0985638,233.6723969,318.6116338,200.8398677,369.7923815,395.8989982,102.4662104,153.4681753,797.9197792,302.2243916,342.2684325,415.689061,296.7831209,509.9826226,305.8776227,182.9156299,219.0016118,289.3459654,293.4136101,358.1466864,318.1775219,116.7005299,318.8871074,335.0079669
1,Inflow,5,220.8589758,153.2662829,150.1333379,227.6720582,212.0006675,358.0386535,263.3933739,323.6804822,286.8373055,156.8496377,184.4856468,423.5160203,384.9914886,236.0525002,255.9129771,311.8657609,269.4791206,140.4790273,114.1991655,302.5367458,327.4124509,184.1456086,179.5601016,150.0991236,138.9200948,111.4888352,84.93273803,207.7845753,146.2584313,235.8247325,406.1994787,108.6756105,329.9357877,106.3774225,233.0913842,301.746536,257.1897722,173.9124092,117.1044603,282.46314,317.0774921,134.6093994,144.0543617,425.228889,132.8909443,187.882816,231.8000543,255.0428041,307.3155827,292.709626,279.8989765,145.7419112,177.7174469,183.9381686,294.3587184,150.7193019,186.3877219,231.8906762,129.022776,388.4835136,280.0651799,437.0922836,121.6781268,79.59520309,362.3212598,652.4069605,170.5619897,154.4678505,129.4631184,203.6475882,259.8806623,149.2172797,670.0745714,159.3093162,219.0606396,122.3344411,410.1250617,347.7624473,145.5614681,439.6746156,261.743795,150.9725117,399.608918,158.5474665,169.454688,531.9802598,376.4801657,294.7527403,251.5801366,372.7791948,175.0096199,199.6065465,170.1009204,193.3320415,125.5174259,145.8200264,261.6438873,596.4894196,283.1236456,130.8083826,361.8679166,169.399977,137.0886551,122.2340629,138.0659365,165.4453416,164.1820795,229.7065696,382.2067725,166.1796476,193.8455347,195.0299712,193.5846241,157.2135086,687.2400493,200.9671874,560.8342898,351.5377219,127.1962312,249.9151121,181.2349107,195.1074931,241.9694502,93.02823772,226.9157248,148.8983581,114.4457146,189.2828157,411.3905628,205.4973485,378.9759667,208.2694657,262.1633743,384.7759505,459.0066305,133.7386255,143.3834185,485.179755,214.2745286,354.7226979,172.5474941,198.9151837,219.5973961,213.2873372,170.9985483,165.5260567,189.8729723,237.4643632,454.9242931,309.9870909,150.7410771,313.7239804,249.647653,184.6788129,302.1399366,124.3964086,107.5666053,480.9147207,65.24983487,306.9777319,421.5795319,202.257005,145.6277926,188.5029597,146.9719221,129.0732804,245.4326044,458.4030696,213.2266241,163.8803212,238.4111351,166.6383731,237.5665838,262.7457499,188.4698176,298.2202408,526.4833433,278.4274254,377.083985,197.3565648,319.8230218,197.555452,76.3709232,196.5885225,539.3343545,206.5733482,194.1035188,212.2233547,225.2539365,418.3513558,203.2675812,206.6220607,154.1709374,163.3184864,306.7023989,237.4295035,255.8190852,126.1451747,138.6169226,142.6406863
1,Inflow,6,298.0267142,258.2448038,165.4918211,201.3161242,195.0132131,381.7425837,153.2022158,388.3494315,213.1087761,199.8364308,179.7370672,335.9767668,359.6923028,162.7760844,104.5311414,377.0262558,228.6993779,227.3569934,132.1290649,763.2702119,288.0014119,216.7667162,132.9022923,353.6140422,160.965506,139.1872192,134.2988336,170.1427064,289.5955743,208.1871407,374.8700124,107.2852949,283.7646934,101.8659846,122.2894367,237.3312022,357.5273373,135.876997,156.6771483,205.060004,180.1577731,119.6943266,131.477888,188.7099872,199.7876126,223.9229691,174.5928775,462.4942834,113.7906615,287.0769645,332.6266989,151.9666089,141.4824699,126.3621001,316.8488127,195.4391565,227.9004222,202.6059588,198.6216288,368.4923155,283.9180637,338.0403601,172.091075,56.49960064,221.071375,419.2879336,171.9444234,234.8816155,248.6786969,204.9535211,111.944431,121.7479874,324.4497126,145.1533225,185.1446532,115.6978365,499.3835804,278.681374,294.1717069,353.0666944,145.2945714,315.0098252,439.792577,165.5787726,152.5855927,333.25468,543.1871508,496.7436258,162.6317608,272.2428549,278.4816729,217.2808301,115.5671865,265.177243,285.7939034,129.8065173,122.8401513,399.8400638,336.5400853,137.8574527,330.7814343,130.3099147,214.2434569,230.1565933,319.3344151,164.6800316,222.4861614,129.9822417,573.3831007,185.6375608,127.4907776,281.5096621,149.5347697,165.2589298,433.3854572,437.2782006,538.7294025,199.4873541,159.5131237,473.2239033,175.5881572,280.4752553,168.7843629,83.67559374,219.3787438,133.0878872,149.6008093,257.0955311,365.4962729,219.5408346,418.4074977,252.1117649,315.9677164,213.8790809,459.9821651,166.2265396,210.5639539,349.711258,194.5177321,476.5049864,194.0397588,175.0307795,77.29683675,275.5944955,329.0703607,218.2073613,239.4706691,360.2877018,454.7734182,309.3132756,102.2024068,261.0286823,185.1976263,260.5524742,366.7681989,231.6730812,100.6944129,406.5079324,121.3240022,186.4037167,131.4575815,299.2779566,108.3623932,252.6952416,206.613898,145.0787779,233.3264303,331.1642668,249.5933674,230.5650289,246.3309592,195.7670777,305.3278942,366.6996833,161.8229502,202.4353417,302.5704062,270.7784307,259.1622889,142.9419361,429.4533904,218.8341672,94.97864208,265.2396692,358.9543192,265.1724947,205.2023645,200.559144,245.9790669,559.8748359,168.0311403,340.984622,189.8512255,230.9819115,244.50928,183.5336999,194.3536134,274.2734825,138.1504569,173.7122429
2,Inflow,4,472.9482437,616.6632171,114.3387351,291.4484729,260.3782067,281.6176289,229.5935709,1352.25329,321.7293358,352.0237308,169.3114327,829.70954,610.5006661,539.8975271,160.3392241,789.4937735,162.3240583,408.4012021,406.2903872,574.0997443,612.2410131,201.3620952,145.580079,171.7134601,307.375286,58.81797639,223.957076,339.8732832,212.1464982,253.7039855,514.9656697,251.445605,393.9019666,90.64250127,399.9927878,170.2981681,292.1427581,127.0505485,210.2501428,490.767205,361.4439802,169.0302038,231.3453897,956.3358625,97.56990638,228.911826,141.4606532,313.6022861,309.3192302,928.8524327,772.5797022,258.541001,144.7240371,310.4027468,287.3764439,169.2894008,439.4982688,487.9729158,326.7477991,739.3487425,687.1483533,379.0010907,112.3181765,123.6310112,304.5740629,605.3738863,371.2568797,152.7952947,163.4705234,298.8302162,598.3397105,266.2668624,1414.351774,163.9800615,332.2590281,252.3432481,705.2845125,190.6335687,43.67220347,821.5080857,195.5149646,172.5609941,523.663254,88.62621116,305.8714569,758.6315857,500.2419944,374.8653668,149.8209834,680.0317542,544.6626594,222.4067428,221.5067949,400.9628918,427.461863,348.1534632,1107.16256,600.2044224,442.9471742,331.3672452,372.7629378,215.1396516,209.7871713,377.2306352,192.1560274,185.4625369,328.1938372,285.5271489,891.0743848,294.6428582,344.9843332,555.0301475,279.9523132,287.3932037,613.3501841,190.7122528,1147.142467,734.5144267,176.4392918,431.299593,128.4747057,869.956019,243.8015481,281.7767385,265.3919551,558.2328743,187.5544781,492.0639738,1566.172392,146.1086022,273.656332,226.3153803,1154.770772,308.4094105,369.4990318,136.7386068,262.1550978,250.936038,206.8585777,709.4621243,470.4916125,144.6524612,614.8690609,381.8571098,236.2036698,170.6604579,633.9227596,763.4978419,569.2113962,560.9438725,603.2674639,1398.64031,179.8632242,232.5081296,584.9098907,375.5211776,292.905874,681.4369108,639.8104469,460.4439617,381.4428044,593.3827164,140.6369778,401.4946912,358.6438268,187.4672599,247.8874849,630.3730598,154.6616623,214.3905306,240.2817171,568.0067875,200.7675833,404.8160948,689.7159771,366.9745993,532.7019603,252.7105513,353.5042847,186.6715189,717.8839542,357.939014,86.7766638,213.4333538,2643.710968,488.0419321,564.1166772,608.3580853,350.2107326,722.2373769,355.6274209,210.1120986,311.5347262,709.934214,407.66594,632.7938697,681.821262,224.5942467,364.7730708,505.5985244
2,Inflow,5,201.9825445,70.11809029,201.3658242,212.0692915,384.1488348,339.8102723,297.9875339,253.9610776,255.678126,137.481767,474.742956,203.3809456,300.7160819,332.7246817,319.2109992,398.7756067,452.6436001,157.3625114,68.60033943,269.5748016,402.1138722,280.7789419,280.5836068,224.2445399,198.9265358,158.9582505,76.35615394,179.9622117,102.809628,416.823096,384.005826,111.7602729,346.9824479,166.7805375,255.637003,702.6064049,396.1479691,167.8452515,157.0542341,392.0828132,441.6179438,144.1914897,123.8620176,462.3211783,251.6089806,203.845773,364.3974932,286.6913789,235.2081245,300.3003806,197.590247,203.3480717,241.3959067,154.2351366,520.0064647,342.6298614,205.5321577,189.2104371,169.4331143,215.259034,197.4929875,495.6306047,144.7897992,193.1536799,402.2194511,814.3366706,272.0557198,142.9199504,131.2641814,319.4846332,329.551055,208.9206081,290.2968098,228.1174908,183.9270894,67.29460764,394.4419696,331.1586789,254.2897658,426.4830438,318.6561571,216.0779161,251.0394864,446.761185,106.9919169,521.9795918,200.9826171,392.4319404,305.966738,216.6139917,102.7333125,205.7319507,185.936999,228.0291783,87.95654271,221.8227078,252.5508964,640.0252616,237.3810891,84.43318159,362.7468264,156.6996355,146.714653,88.67657114,191.6478899,254.1804611,168.6533984,323.1437298,272.9725413,158.9181426,490.9839283,254.2502391,153.1644506,104.4592443,441.0487897,192.3310496,245.1424579,243.8754669,165.4210261,311.8109836,380.4108171,153.1802781,398.9159881,93.74755766,289.094034,111.277786,160.2666836,162.928919,202.8876511,420.2371755,526.8062955,203.0431816,71.80711608,457.8915222,371.0092226,298.9855733,163.2579898,603.7503897,234.2549075,331.159213,104.5206353,177.6555865,120.0634109,314.952564,188.3522443,186.4963984,199.9535029,140.2584489,318.3462379,235.9909825,116.0177002,212.9893243,444.9842134,373.5663731,258.7733011,177.1314531,104.6274796,385.027094,43.90992179,486.1934036,338.1881323,266.6745157,189.9988744,151.0907122,124.95657,255.7368674,309.6720241,451.5907414,294.798412,202.4662649,264.8255669,220.2875763,392.7991133,329.9934716,170.7311711,222.8172839,559.8142797,243.4513195,428.8700246,264.8529148,320.9544072,147.6886857,159.273019,343.0901149,621.5400645,184.0454475,141.7275282,142.1577112,163.1245779,390.9841321,268.0906123,259.5998205,200.6957672,180.6917122,230.0714359,190.8488792,289.8545784,248.6257829,117.6533351,155.8940627
2,Inflow,6,240.712741,361.3361443,236.1939266,198.5917534,163.633289,249.6289056,75.7979318,370.2850873,138.3652625,191.229103,134.2850894,249.4483359,294.0983587,189.6135254,105.0962794,248.6331892,213.7087375,272.541383,170.1429408,873.2377043,281.8043002,215.4588362,144.3236176,689.1349226,154.834476,165.141178,270.7034587,121.0564505,327.8651764,140.8953608,282.7078741,166.5773033,241.6892781,228.9425637,119.1892932,207.8221096,500.2075263,148.2690631,273.3106439,127.2355417,177.5671483,118.2767586,98.10729288,132.4862557,263.2559503,257.2010728,121.2509113,666.1670788,84.25269607,175.4524124,277.8385879,160.4638421,150.6481748,105.6655149,230.6648007,282.6289614,150.963309,171.0386408,238.4866252,264.5709005,218.0354529,231.0290669,212.6198465,66.35871202,233.2103519,197.7027266,206.9176343,243.4803406,362.6384827,173.5789831,87.62763,170.8867561,219.1614088,150.2313954,200.109615,126.6657041,321.2519376,222.8944826,320.1550059,183.8138089,141.7511524,315.3850741,384.129789,245.6764235,187.6251624,238.2617611,403.9937804,530.4352114,134.8650324,246.0749734,384.9815719,357.8241505,69.20735275,375.1885413,382.1580372,171.5995278,97.22599578,313.3595673,297.2415234,197.0156028,225.3596955,130.5450742,286.2040502,292.5869001,618.7846161,154.7713212,229.3160678,148.0285971,403.1477914,274.1312808,136.5693817,369.4490562,192.116662,183.5159285,163.5164152,417.5681518,340.2623188,135.2766629,152.6984098,452.6511495,148.4985277,344.1409947,143.0540037,117.1669639,243.8558382,188.0051822,220.0052608,412.1475978,292.8509746,207.9657902,389.9289886,252.25332,350.7607039,165.1437909,291.7017915,222.4800901,213.0545594,193.3331079,256.062462,257.698153,280.6250284,156.2247121,71.8790173,338.0692078,283.9616727,320.2861979,221.090338,300.2523694,310.8628146,327.4665595,92.77019833,188.2687857,110.7405264,205.644794,405.7292763,441.1651582,182.3199713,222.744314,154.198157,119.8941547,92.53759922,311.6167506,117.7316257,306.8742616,177.0580163,212.1812775,149.0132027,184.6596402,463.4549981,311.0101524,232.3402569,187.7333501,356.4464742,410.6308144,216.5863415,142.1402724,222.2214134,288.9519737,260.3073679,164.6571741,328.7201231,205.1253253,105.6670098,280.3274318,222.6390573,210.3225455,238.352458,205.0397014,157.8002357,587.918959,262.3732194,432.2398796,188.0597578,211.9545271,206.6600691,132.6563146,168.4652663,471.7837406,128.2101434,267.1394253
3,Inflow,4,340.3201686,331.571987,90.96252455,159.7387162,282.5065762,182.8504968,106.5037261,550.437869,283.0215181,198.6309874,128.9132963,363.6440366,287.1885648,239.3498408,164.1043606,235.4745704,135.1868589,156.096397,243.881405,262.6132042,306.9290506,139.480229,85.06037141,142.4831406,176.7400915,37.89215549,120.9550945,139.5626157,148.4313764,169.8462341,234.5609213,105.9607741,223.3915009,97.32729812,238.5817557,131.9081996,187.9196929,108.195762,140.4213324,199.8203917,249.7723237,117.085567,220.2968874,374.0602815,64.84347551,127.587634,189.9277782,215.6889676,191.9210884,352.3706385,445.9651852,157.4678431,82.1349287,195.3549594,156.4595733,75.19072973,208.8451654,201.5820221,358.7260901,387.9756717,261.5412402,223.684515,32.65623262,63.95866618,187.4753105,257.6464757,153.7363988,162.0493334,104.3418701,234.6060785,286.04587,229.41901,388.4942019,100.8761469,268.5287539,210.4370776,354.0963498,121.6222787,33.80156731,345.4435117,212.9496474,68.10309271,509.2161613,109.8926631,187.3165604,418.6057448,273.6292956,193.8404753,144.705374,331.0098871,340.9401949,173.3766412,229.3976617,270.0734619,326.3570837,120.0429703,343.120067,325.8704856,189.7477012,247.520707,138.2267486,148.5741828,139.8566534,210.5538286,143.4500857,172.9619405,227.2726324,184.751981,535.2280362,214.0183965,161.7625975,309.5616127,227.6544649,199.0906934,311.3209508,210.3262566,596.5817807,364.9318675,149.5881783,375.1244732,95.43159333,506.2821379,150.0409158,145.7200023,195.6831362,338.3931839,211.9829996,254.8572602,761.1485079,69.26667851,157.5472159,133.0842906,414.0681796,160.4091968,162.2480192,118.0526576,140.4067219,134.6235636,209.8837682,248.365667,232.1502942,129.8686197,291.5908731,365.084432,349.7205917,131.4320541,375.9775678,335.2404896,260.9405295,335.3503701,353.7425254,543.0356202,132.9972663,115.1684154,292.287792,242.4175333,138.7263059,253.8948841,239.1846722,283.8701326,358.3152551,199.7443511,151.403248,251.4305231,198.3162114,77.2271151,124.872901,253.9044673,112.7510532,103.7885292,111.3861315,263.9701475,90.51709434,220.2120653,358.7443084,201.9410873,172.3777612,157.9214029,182.9621202,140.1712786,248.1073478,249.6825008,64.9918053,115.6852266,603.7973162,243.1759419,222.5519254,376.0909384,220.0778833,275.1238653,135.2720031,180.6764214,166.0387377,300.9731295,278.6131686,332.0732319,286.055327,47.50024663,444.60134,280.3483639
3,Inflow,5,132.3135709,114.0599301,158.7081549,159.2816356,174.6533941,209.2582077,215.7785932,100.9699074,176.5726977,226.6186954,202.3429118,343.8784379,153.3978602,138.3311746,175.4435597,146.2107864,276.7885326,109.6220066,56.02717453,149.0173605,204.6848073,136.5429251,107.0852828,191.6152303,70.54511,209.8870175,52.34975215,138.9979695,147.4732633,164.2396208,236.2977836,94.14560552,138.1716914,92.83716095,174.1817839,268.452299,177.3266506,139.6845791,102.9585255,169.8316943,163.243488,114.8728027,98.23601536,274.8971823,118.5412776,139.9775549,310.6060362,180.6734657,345.068097,141.687895,147.8644639,122.1463034,211.644964,54.95876412,234.3738582,131.6153678,119.2474653,139.5603076,89.65723743,191.9446619,157.8451733,435.2229917,154.2151491,82.72933439,225.2808981,308.8785262,179.1090231,160.9769716,93.8640561,185.8837456,198.8902655,109.864167,201.4531841,156.5926845,127.3494842,78.74047001,116.3874784,452.7547654,157.0424693,259.2944701,133.6401381,134.941846,233.5603084,152.9987627,193.9724963,285.1285337,182.4339831,286.3941793,324.9701803,219.8973352,59.8188234,145.9386965,121.0719104,99.5823609,115.8012301,188.29936,120.062691,334.426935,129.3944539,120.6491015,211.0124183,223.3898811,133.4294045,76.07142715,150.3471002,103.7157142,95.70869557,270.6300185,186.5464445,131.6190933,152.6047299,104.3973039,109.9133159,89.06240948,397.8697733,186.8811543,349.145264,268.2548657,129.3618051,75.43210751,258.076695,203.8033192,218.2824426,48.15703529,183.086269,117.2310184,107.0267397,133.2392648,107.9113886,190.6033144,310.3871654,180.6471065,88.02098498,317.4189698,345.9924063,113.3913912,59.72883129,613.700851,125.5459424,251.0306544,164.0849272,288.7805885,99.79538753,205.3042766,150.7618303,115.4973192,120.5025769,139.1190397,288.0577806,135.7146302,89.09693476,206.6690269,331.5338371,189.0456824,183.764161,68.61764415,133.188921,230.6796983,0.385194553,235.6104964,271.0928119,181.9108473,105.9733189,144.7484775,99.12577259,133.5677125,218.7282596,223.4060985,278.2520795,166.9443286,231.2450007,67.48851269,233.444707,165.460334,82.3860964,221.5080077,453.1227762,197.9788058,164.3223082,133.4503616,156.7457169,52.42891815,66.21413803,194.2463658,198.7720779,177.7963868,115.2485749,136.3906941,154.5858967,232.2514099,88.86739193,154.1575536,123.1543577,124.2574567,195.3739029,138.7307236,157.441452,121.9551935,50.88500938,36.60367871
3,Inflow,6,214.0902367,144.1855905,134.1717062,64.50997045,127.6912308,185.5834992,66.92650251,221.7930095,78.05935801,143.2225744,227.4167017,131.2766015,127.7381058,62.56226741,54.31869746,174.8178286,123.313416,175.7994467,62.74682352,390.3871045,179.8464849,207.3913002,73.72419054,245.8149566,90.37988471,102.2861753,148.8497117,110.4943092,163.2789723,143.5287914,188.6348013,107.2193,139.4273972,95.98400119,73.00618444,123.4765948,217.6832946,61.87653725,143.8194294,75.36600518,95.97594264,58.17737821,54.74303942,77.69981409,127.6554189,208.9192826,69.78641518,207.1243192,36.1661449,172.1607092,206.5442825,133.4694185,102.6561518,52.02952182,220.2695311,145.7406841,123.8740581,105.1438325,151.2341073,189.357004,123.2846892,97.88237705,116.037509,36.73585803,112.1146069,120.9534322,125.3750145,185.3046582,155.1876877,118.6766102,38.18211779,110.3427857,105.6926764,74.00120735,109.245353,116.2033716,149.6199005,189.2650335,214.8666015,56.30152144,105.9916567,246.9249948,199.2732607,76.08967,89.04885962,104.4097032,305.4786304,240.982579,112.8382628,78.32021283,161.3755976,212.6056783,50.82362487,171.0960566,182.0757159,101.3172275,32.29504517,219.266923,124.1959657,109.7792789,207.289401,68.00042578,184.194485,154.8304882,305.2003729,93.99459416,149.3064771,46.79789061,223.9514532,162.2603802,54.60753535,161.9501696,107.492195,120.4524593,167.3393395,272.5097334,187.7613433,84.64898943,112.4957385,232.2879935,93.97230373,278.8936844,90.1990203,84.93702867,127.9688957,115.6132659,129.7140348,207.6486567,149.1641507,161.0086399,180.7492076,108.3153891,155.4188736,109.2789382,183.346533,96.52059022,108.2439278,135.8737412,121.9565309,144.2469371,229.3354615,108.5553902,17.18732146,210.0324936,181.9573662,194.1659537,143.6344372,211.8343857,183.8024195,104.1007774,68.33170918,136.0315838,51.08262192,164.0533151,167.8202619,190.3354782,61.50169897,160.0872497,85.08325597,49.82833478,55.02512241,92.3069066,61.01517407,192.314856,112.8264625,90.66654886,72.26759281,178.6279272,132.2198542,156.1652556,138.0703655,121.4540549,218.373796,183.5220674,103.7506659,60.98686172,107.0142777,104.0833862,87.65944935,106.7821963,137.7583585,160.0804425,88.86000598,169.9321288,101.5301547,109.8035271,96.36327871,102.3382112,125.1305985,246.2426294,130.362034,265.8783382,97.72920138,114.0166397,94.76649457,97.44672709,83.88588175,192.3403532,109.2401536,182.0218303
4,Inflow,4,499.6610597,595.9516202,151.8122996,285.0736886,243.2041166,234.3566241,316.1864148,893.8173223,358.1084993,187.303207,211.0533803,688.2827301,461.7909372,203.4352817,295.8280123,491.6868278,214.5897114,227.8844385,235.2512053,312.1752544,537.6043295,142.0094388,139.180697,254.7835791,199.225391,57.97568084,177.2690936,244.1003545,269.6992701,122.1997614,234.1784068,234.5683608,412.7652382,95.9436072,194.8654219,212.1311358,164.8553726,181.9172126,146.6344721,206.0229411,315.1774654,139.6332844,296.6712509,651.7791139,108.1290956,267.0123608,136.4261048,403.1679089,277.3508771,906.1180409,684.085032,205.2690393,118.7220046,376.2144974,231.7605028,183.8884014,347.8277363,160.9049217,421.4801405,551.6305646,455.0384194,299.9025789,143.4429976,123.9306412,336.7455291,385.1808084,185.4944037,214.5730658,252.3546386,236.0695332,273.1075719,275.7291253,1025.542449,177.9886871,500.0842664,397.3392082,536.84708,220.3980426,68.29345241,482.751934,423.0126264,185.4698557,487.8407429,103.4038701,219.640666,689.3366571,420.837843,257.9962609,226.2091678,591.9696432,394.0035803,194.2307023,219.6633622,415.882225,351.4931558,136.4440753,370.3325562,515.6239719,497.6129189,259.1603924,292.2929353,201.1322933,160.7844993,328.2511506,178.285718,189.8155451,199.3435108,289.6106625,294.7540021,310.6130631,168.5584858,476.9738261,292.5609495,464.7066815,500.7688711,465.1120708,411.0756333,412.6273941,220.8571294,397.6261446,132.3642921,357.4245386,187.6079068,219.164483,302.4230789,566.4612383,155.1184335,322.8544332,825.5647547,150.6332748,250.4284549,335.7865524,641.8085,251.3966064,468.2930845,102.4153336,162.7415945,270.0748975,325.5352685,415.2690335,232.8374199,179.9611827,479.5657163,220.448451,205.9348833,173.0105526,446.1812827,374.7107024,340.5450129,306.4857927,298.8236322,743.2846121,163.9876982,288.5321608,580.3752282,264.3165218,247.0394716,638.2458484,400.0331435,310.5392592,404.9653024,248.1649721,289.0958489,278.9115166,357.51196,147.7162973,248.0460028,290.3600707,163.4613962,100.8298176,144.0281324,359.0460934,170.8256367,318.2271366,477.6228153,340.0547275,324.989485,281.9963301,335.0854815,256.5171143,649.450793,383.3958335,69.11634793,162.1773589,640.0225906,368.5788791,378.7708588,449.8441369,324.6354042,576.5394515,392.440878,179.2215993,215.7938076,460.1266201,164.6249757,537.151391,416.5470027,118.0429296,369.4784389,321.2371102
4,Inflow,5,225.5139971,114.7695361,133.9847439,156.0273614,211.1899133,310.3495844,292.7581496,243.3452215,364.6799188,225.7020304,234.2010639,577.3272707,403.8460155,126.7446475,192.9026754,398.8389374,323.4976407,99.41473883,59.98361386,284.8921851,538.3187588,130.9614516,203.1194053,241.2564089,110.02352,133.8170092,64.33390014,163.4970582,201.1849897,190.2429494,195.9751134,150.9781667,315.9912338,65.86260196,257.6481407,443.3541444,244.6400233,150.0046069,169.173188,192.0980892,280.5670386,112.5775142,122.131483,641.8635254,125.6158204,228.1859474,275.4721266,378.8808296,301.7313324,525.0641626,251.6112343,125.2460707,210.2672708,131.0883726,351.5064615,162.5307132,187.3920697,121.291272,185.6240016,399.5377388,240.4508157,546.9560852,122.7764845,109.5012293,407.698118,612.3712365,152.7269875,143.8316704,77.42027762,212.5717869,294.3536314,157.9815553,423.3609116,270.0782171,208.7374025,149.8460139,263.1342049,499.7561597,159.8081896,571.8736648,323.3068134,121.4934456,550.5756421,129.4992777,210.1763981,433.4953991,256.5822628,381.4683912,299.1621944,502.9066414,110.6803863,159.2086686,137.4767866,177.2414332,127.5556623,155.8834199,200.6890494,610.152979,187.284361,135.0419697,317.2873509,214.7934019,137.9540686,83.83187833,81.61939818,165.1343837,148.0960099,277.4865917,208.6309132,212.6238682,282.5737053,272.4258973,106.4597144,170.7408179,397.2501722,227.1793648,446.4782849,289.3916409,211.5802694,185.6975382,165.0570815,415.8885909,241.7395938,70.32867348,185.6514467,197.8274233,140.0428012,202.7122958,281.2594141,193.8732039,338.9539386,246.6716424,164.0218394,399.9319215,631.8189593,171.3643687,146.0313288,750.6569897,177.9267717,335.053411,112.6802098,215.815805,227.0873961,441.0258322,215.4524455,71.748221,206.8471238,157.2994045,557.9102312,143.2579244,135.2004562,344.1302778,565.9228337,284.1758993,356.1770169,98.14796639,155.5609447,445.4088615,56.19591993,447.6274416,327.1740289,135.6223294,158.5299238,205.685417,135.8834114,126.275613,149.9801047,319.5791155,242.4207341,131.3393453,253.2657155,90.33029393,339.5021943,223.6039117,230.1359838,284.5224651,585.3231173,187.6615292,390.6767785,148.0634503,339.0657788,108.4406734,62.57228448,184.6466323,443.3000578,168.5536309,198.2158004,145.8411387,177.1202013,588.6496632,176.9217452,210.311983,131.498958,228.0238036,186.7098001,253.1088575,257.2904822,135.0987345,79.80570191,157.696713
4,Inflow,6,293.744615,160.5095423,165.706839,85.88379406,191.1930557,385.7279497,96.95826966,321.654732,172.1440692,221.4813023,225.777879,287.3807492,246.9474684,79.20684799,79.76966611,340.6294888,276.4049808,205.1679457,52.46141086,1102.891423,370.7899283,303.5697744,155.9496017,563.5275803,99.89015897,154.2007724,142.6204048,141.5291112,331.8925483,195.0661918,255.5943919,95.50099529,228.0246824,131.504373,163.5674284,335.1622939,550.7364379,100.6259812,319.6359409,135.4627527,189.6986618,71.213553,57.71851133,239.5283478,282.2995572,319.3839915,181.3462791,514.3106098,72.43298926,248.1817924,319.3078585,135.5078915,210.2614931,65.27668634,364.5078308,217.8139232,119.2137301,176.5190931,195.3271398,305.1532741,168.5596256,418.6662205,160.1509265,62.6267461,201.2109946,321.247606,213.6630319,185.4799409,263.5912129,162.6696966,118.6203161,113.8440221,235.0790304,151.0491558,113.9848582,74.94957906,295.6220765,303.9678659,516.3545714,222.3600046,153.853635,299.2962926,557.5611135,178.4301896,128.1204459,220.7890181,561.2634216,625.8417428,209.1417229,248.2652391,165.8511067,348.85805,68.97010882,265.0116696,254.3180478,243.7954713,72.50096795,537.9265889,163.7226683,135.4164904,238.382136,134.9115949,206.2351782,138.756375,322.7644896,118.9978633,173.5806155,159.0631946,393.1391843,229.0435872,218.4089013,231.2084114,130.1632367,165.7460601,263.3621762,300.8612199,449.1233998,160.7258786,219.862366,354.484039,165.1408502,570.322157,237.6339719,62.83188712,206.8802205,122.1204675,121.2723484,418.7130205,225.922759,246.3813978,508.9901842,240.9900934,211.5505021,224.5423841,524.5108428,271.8561556,217.3841163,432.2119661,126.7797663,293.7669444,193.0079205,201.297421,51.29811872,687.0279956,388.7192617,145.9776472,166.3574412,231.7944151,514.6449443,168.3188927,72.81239246,176.2716861,189.4290179,238.572575,285.6463365,208.9319925,92.44967716,340.5428747,46.11461805,131.6920835,154.094903,145.4068877,92.12351764,280.2440409,117.0791436,139.3598507,106.7758896,277.5026544,363.4769459,370.1820484,313.0310539,98.21687588,532.7284095,256.5133476,123.3857844,150.4573308,266.2469695,203.7978327,303.4830276,105.3634568,254.1966955,119.796252,81.33557285,280.3018797,272.806137,152.533341,193.6683626,150.3883852,164.9295713,605.8867186,147.9059044,478.3484188,137.9686749,240.2409347,180.0178155,136.8289375,178.0007162,452.8243878,95.74735563,236.300851
5,Inflow,4,579.4006226,699.6553929,315.7181587,401.1381243,299.5967508,271.6247401,467.6167839,717.2254644,419.3801606,291.9857599,311.8783439,949.8467352,756.0280696,436.1047267,491.9330307,637.9772661,356.9313173,311.0801976,398.2549779,449.6622116,543.2835817,213.5825184,211.7316416,228.8152091,264.2528192,116.1802678,200.150116,340.5722398,301.2828629,168.3240798,285.538441,363.375981,409.6292305,181.8614646,318.8590998,275.0537925,278.5912945,216.0839628,242.2700435,349.4502836,437.0896383,214.2474421,481.0128979,1202.365853,123.2584248,334.161773,160.456954,575.3662103,403.6124176,927.4874848,941.7102361,243.6496994,227.511068,523.9348389,403.9518474,240.0616341,566.2493234,280.0159169,377.2849268,823.8265861,563.3494918,423.3844751,200.2243078,243.2858662,367.905177,494.2444189,159.6707069,236.1664798,414.6158201,276.5148971,325.6176797,293.468228,1150.611812,350.7286363,637.9828523,416.4902835,724.3776938,433.9523992,106.7480976,605.2522221,544.322066,332.4199655,687.8890138,189.78187,217.414727,764.5244037,471.6722964,457.3155559,265.6587426,427.5481503,429.3987676,256.111979,405.5985818,434.9753026,529.4822268,138.2099036,380.3646008,751.9414981,506.555778,347.3654177,287.0845165,236.3390465,225.8106337,450.2434682,287.4391253,389.9219467,276.4289796,332.4357398,559.4575028,371.323699,174.8058683,528.5064502,333.1945855,639.5734036,554.8429213,651.2509822,627.8575938,390.6183505,245.9004562,550.6946314,127.7874398,400.3020005,247.4513373,344.0046814,417.7283214,655.9806038,257.2874911,360.4672391,937.4481053,239.3794846,328.5280425,360.0337652,858.431583,514.2853533,529.3139561,181.4931454,348.5907468,445.594964,469.7153694,394.6907999,417.9129337,233.0171854,672.0230728,347.9569729,255.5715688,180.8443009,427.3303925,500.0826189,562.6024808,427.3825549,363.432631,640.8003336,235.7226463,276.261161,504.8682418,311.6753819,185.5216431,667.0813502,532.0674092,386.0702625,565.7345041,346.6053926,281.5988198,628.2334808,420.8773761,165.6370059,263.4177559,351.1676067,235.8892947,159.5168676,175.5075277,356.2310942,222.3280119,277.4600709,699.0056641,536.235132,494.2336817,331.9259126,481.0180519,392.3217668,454.7822764,500.0696309,133.1097352,222.1498553,705.4502341,472.2962959,605.1710535,544.1658065,408.6618116,569.720587,437.761657,196.2018022,297.873077,474.6965705,426.1259237,694.4680165,486.4180495,177.8136287,470.9964053,556.2406962
5,Inflow,5,238.0162334,161.3257001,272.2287179,263.6075816,129.6234923,239.5248473,487.5941019,288.4146559,483.1585423,292.1810115,248.0934734,1348.780423,393.2801587,347.6413526,213.0466617,186.0814942,250.62263,146.8079393,75.98447588,237.2626254,382.689755,172.0945751,182.447483,219.5152882,70.1988183,162.2096127,77.43325257,208.8615317,288.6001244,150.9633266,411.3060111,167.1477501,275.9827616,118.778448,346.6422958,437.5782415,220.7329346,186.9819897,156.0110508,152.3134884,222.7883488,189.6648619,192.2122694,1176.580143,114.6739408,246.3305617,380.4110079,344.4490531,603.534366,411.871438,307.0440174,119.586392,310.6194822,132.9533862,455.9259595,156.7150492,380.0742392,273.9616788,172.8601433,1061.140803,294.6942686,561.8572315,136.1749725,181.7746496,467.2312547,550.1373628,128.3998985,233.1356569,133.7732682,311.4906096,235.9998295,172.0704237,1016.86714,275.5713734,273.1371028,197.2404944,340.7411223,868.9831023,115.110491,623.9570552,249.7581475,156.6510211,981.4295009,188.987751,164.4672207,652.740053,368.1602964,494.4388674,410.8634686,370.8701313,147.5345536,181.4004322,194.6968315,175.6875228,198.2632316,132.180584,175.4533686,731.678199,247.36606,132.5556075,347.1715984,279.3168056,201.5727401,97.19819534,174.8206239,208.8858052,138.2144894,328.4743037,239.5568236,239.0832279,201.5694895,249.7937487,178.3763233,284.0523298,816.9472027,320.4541336,1272.734033,419.3553632,179.1599806,121.8262745,201.3844395,546.3411794,197.4147285,86.75958864,347.3007079,309.0340847,104.8748877,200.0420777,402.6604033,206.7270759,507.3734567,327.7057577,301.2199347,411.6267287,762.3590223,108.400654,152.3599324,1352.621665,372.6901439,366.0744855,286.2265981,224.6543335,254.0537642,519.7641271,275.0689815,105.0975805,203.178536,199.158338,686.8691742,223.9771299,208.3374032,581.2053198,276.4794046,190.7014744,336.1053448,74.72832084,180.7883403,605.1183222,63.49571359,288.9444456,444.9271802,272.3808173,185.610601,340.766933,199.5454469,71.83527208,186.4636818,314.1322525,150.9623996,126.9489764,430.1085855,78.97518819,368.3349968,254.6361776,326.1941676,432.8465702,622.8186826,273.5708699,365.1874452,166.8967055,181.7917208,152.2196462,61.03480934,157.7234238,399.2333331,221.0934609,272.5403744,309.5491489,206.9354608,441.2699764,142.2017509,143.7470824,144.0341741,238.9104227,310.2307266,477.8198812,184.968207,97.94298304,74.4484431,137.1459405
5,Inflow,6,419.1466085,212.0450153,223.6848767,112.1372731,212.7591282,458.767474,113.1517405,473.4617651,129.9771029,188.7544021,351.2383841,517.809915,259.9633845,145.5735796,98.03700039,318.4105398,236.4581727,277.1024157,68.67152555,834.5991325,362.5011561,394.4494552,188.2534067,633.5645542,90.70969449,124.6719545,178.8862836,172.0931901,307.0911586,171.6103827,383.580129,126.8066561,231.2595485,205.822982,174.6042173,217.2252782,583.8680937,135.4065252,234.7619984,156.5582696,241.109038,84.33389975,66.00936931,289.7531563,283.3433501,443.7048532,128.3414589,412.4791789,106.3806829,392.1962605,918.4015278,151.815357,226.7538994,60.61499718,408.6144584,222.158714,279.7491762,228.2077948,307.9072308,674.6053295,293.060612,330.0821601,215.8219417,87.48923637,128.9201739,388.5283816,239.0342906,225.7342814,975.5691529,289.832567,122.3502477,131.3645694,384.9300607,156.3097849,168.8256001,129.2344496,422.8256248,416.1044952,405.1870133,211.3098328,184.056197,451.1146841,787.908389,258.6375395,95.87490739,261.9299749,608.7729478,636.6641447,220.2784268,224.3556025,306.2823045,376.1945527,124.5616576,285.1626328,275.26433,221.4890348,102.9027689,794.3778581,200.5391271,206.0890926,237.4080582,141.354742,222.5783421,206.5596017,447.8777377,159.3706965,198.6288088,178.2276536,479.2953732,343.3373382,200.2606924,206.0142344,259.7037265,333.7892235,536.9186903,374.4285791,562.4616108,233.2516351,230.2486958,368.5501636,101.2916088,776.7226236,221.9473008,129.9354336,296.2683678,274.9622641,86.21002804,740.7404838,406.5059481,225.4854589,524.6913164,229.5149325,288.8137939,268.9224245,562.54538,206.8418073,268.3612764,418.5755335,215.0696091,282.7187617,500.8148628,246.1226015,111.2114824,505.3148277,315.9771948,238.49679,152.246462,360.3782242,505.2796575,218.0864022,111.5374603,299.6177446,98.84375311,141.1053184,271.9462861,130.5900931,86.45968889,471.5699675,89.48585916,62.16086744,253.8523739,187.6609823,126.8825562,626.4041953,242.0803376,103.224325,111.7418988,253.4755652,226.1974691,253.1642782,318.3267255,132.7912501,574.9661326,263.7132501,173.0011778,215.0219691,282.8633998,167.6766944,359.6322979,255.4761395,283.7354594,199.9585783,86.71469029,244.3078019,345.7922075,171.177382,383.158603,203.4157148,228.6620042,475.7267999,206.8924821,387.5924492,196.1984523,386.6129383,203.7148677,162.6855247,220.8082336,383.6746383,235.7508324,258.0908498
